strategy,dataset,config,accuracy,f1_macro,n_trees
s2_global_accuracy,Iris,Baseline,0.9,0.899749373433584,15
s2_global_accuracy,Iris,Var A (Thresh=0.0),0.9,0.899749373433584,18
s2_global_accuracy,Iris,Var B (Episode=10),0.9,0.899749373433584,18
s2_global_accuracy,Iris,Var C (Episode=15),0.9,0.899749373433584,18
s2_global_accuracy,Iris,Var D (Patience=4),0.9,0.899749373433584,15
s3_global_f1,Iris,Baseline,0.9,0.899749373433584,15
s3_global_f1,Iris,Var A (Thresh=0.0),0.9,0.899749373433584,18
s3_global_f1,Iris,Var B (Episode=10),0.9,0.899749373433584,18
s3_global_f1,Iris,Var C (Episode=15),0.9,0.899749373433584,18
s3_global_f1,Iris,Var D (Patience=4),0.9,0.899749373433584,15
s4_global_f1_pcd,Iris,Baseline,0.9,0.899749373433584,18
s4_global_f1_pcd,Iris,Var A (Thresh=0.0),0.9,0.899749373433584,18
s4_global_f1_pcd,Iris,Var B (Episode=10),0.9,0.899749373433584,18
s4_global_f1_pcd,Iris,Var C (Episode=15),0.9,0.899749373433584,18
s4_global_f1_pcd,Iris,Var D (Patience=4),0.9,0.899749373433584,18
s5_perclient_accuracy,Iris,Baseline,0.9,0.899749373433584,9
s5_perclient_accuracy,Iris,Var A (Thresh=0.0),0.9,0.899749373433584,18
s5_perclient_accuracy,Iris,Var B (Episode=10),0.9,0.899749373433584,9
s5_perclient_accuracy,Iris,Var C (Episode=15),0.9,0.899749373433584,9
s5_perclient_accuracy,Iris,Var D (Patience=4),0.9,0.899749373433584,9
s6_perclient_f1,Iris,Baseline,0.9,0.899749373433584,9
s6_perclient_f1,Iris,Var A (Thresh=0.0),0.9,0.899749373433584,18
s6_perclient_f1,Iris,Var B (Episode=10),0.9,0.899749373433584,9
s6_perclient_f1,Iris,Var C (Episode=15),0.9,0.899749373433584,9
s6_perclient_f1,Iris,Var D (Patience=4),0.9,0.899749373433584,9
s7_perclient_f1_pcd,Iris,Baseline,0.9111111111111111,0.9109440267335004,12
s7_perclient_f1_pcd,Iris,Var A (Thresh=0.0),0.9,0.899749373433584,18
s7_perclient_f1_pcd,Iris,Var B (Episode=10),0.9111111111111111,0.9109440267335004,12
s7_perclient_f1_pcd,Iris,Var C (Episode=15),0.9111111111111111,0.9109440267335004,12
s7_perclient_f1_pcd,Iris,Var D (Patience=4),0.9111111111111111,0.9109440267335004,12
pw,Iris,Baseline,0.6999999999999998,0.7058225273328248,8
pw,Iris,Var A (Thresh=0.0),0.6999999999999998,0.7058225273328248,8
pw,Iris,Var D (Patience=4),0.6999999999999998,0.7058225273328248,8
s2_global_accuracy,Car,Baseline,0.9238921001926782,0.8085321956446214,40
s2_global_accuracy,Car,Var A (Thresh=0.0),0.9238921001926782,0.8085321956446214,40
s2_global_accuracy,Car,Var B (Episode=10),0.9238921001926782,0.8085321956446214,40
s2_global_accuracy,Car,Var C (Episode=15),0.9248554913294798,0.7958029145477797,45
s2_global_accuracy,Car,Var D (Patience=4),0.9238921001926782,0.8085321956446214,40
s3_global_f1,Car,Baseline,0.9277456647398843,0.8381068752613725,40
s3_global_f1,Car,Var A (Thresh=0.0),0.9277456647398843,0.8381068752613725,40
s3_global_f1,Car,Var B (Episode=10),0.9277456647398843,0.8381068752613725,40
s3_global_f1,Car,Var C (Episode=15),0.9238921001926782,0.8254258252887331,45
s3_global_f1,Car,Var D (Patience=4),0.9277456647398843,0.8381068752613725,40
s4_global_f1_pcd,Car,Baseline,0.9277456647398843,0.8381068752613725,40
s4_global_f1_pcd,Car,Var A (Thresh=0.0),0.9277456647398843,0.8381068752613725,40
s4_global_f1_pcd,Car,Var B (Episode=10),0.9277456647398843,0.8381068752613725,40
s4_global_f1_pcd,Car,Var C (Episode=15),0.9238921001926782,0.8254258252887331,45
s4_global_f1_pcd,Car,Var D (Patience=4),0.9277456647398843,0.8381068752613725,40
s5_perclient_accuracy,Car,Baseline,0.9238921001926782,0.7729669754097318,9
s5_perclient_accuracy,Car,Var A (Thresh=0.0),0.9277456647398844,0.8120300933115314,42
s5_perclient_accuracy,Car,Var B (Episode=10),0.9238921001926782,0.7729669754097318,9
s5_perclient_accuracy,Car,Var C (Episode=15),0.9238921001926782,0.7729669754097318,9
s5_perclient_accuracy,Car,Var D (Patience=4),0.9238921001926782,0.7729669754097318,9
s6_perclient_f1,Car,Baseline,0.9277456647398843,0.838728220427391,36
s6_perclient_f1,Car,Var A (Thresh=0.0),0.9277456647398843,0.8431827920941987,42
s6_perclient_f1,Car,Var B (Episode=10),0.9277456647398843,0.838728220427391,36
s6_perclient_f1,Car,Var C (Episode=15),0.9277456647398843,0.838728220427391,36
s6_perclient_f1,Car,Var D (Patience=4),0.9277456647398843,0.838728220427391,36
s7_perclient_f1_pcd,Car,Baseline,0.926782273603083,0.8294090869377602,33
s7_perclient_f1_pcd,Car,Var A (Thresh=0.0),0.928709055876686,0.8405432293491378,36
s7_perclient_f1_pcd,Car,Var B (Episode=10),0.926782273603083,0.8294090869377602,33
s7_perclient_f1_pcd,Car,Var C (Episode=15),0.926782273603083,0.8294090869377602,33
s7_perclient_f1_pcd,Car,Var D (Patience=4),0.926782273603083,0.8294090869377602,33
pw,Car,Baseline,0.8670520231213873,0.7379565544122507,9
pw,Car,Var A (Thresh=0.0),0.8670520231213873,0.7379565544122507,9
pw,Car,Var D (Patience=4),0.8670520231213873,0.7379565544122507,9
s2_global_accuracy,Sonar,Baseline,0.7857142857142857,0.7826740764955868,25
s2_global_accuracy,Sonar,Var A (Thresh=0.0),0.7857142857142857,0.7799972862758905,40
s2_global_accuracy,Sonar,Var B (Episode=10),0.7857142857142857,0.7799972862758905,40
s2_global_accuracy,Sonar,Var C (Episode=15),0.7936507936507936,0.7898673411063899,45
s2_global_accuracy,Sonar,Var D (Patience=4),0.7857142857142857,0.7826740764955868,25
s3_global_f1,Sonar,Baseline,0.7857142857142857,0.7826740764955868,25
s3_global_f1,Sonar,Var A (Thresh=0.0),0.7777777777777777,0.7716150786629511,40
s3_global_f1,Sonar,Var B (Episode=10),0.7777777777777777,0.7716150786629511,40
s3_global_f1,Sonar,Var C (Episode=15),0.7777777777777777,0.7733967528710958,45
s3_global_f1,Sonar,Var D (Patience=4),0.7857142857142857,0.7826740764955868,25
s4_global_f1_pcd,Sonar,Baseline,0.7619047619047619,0.7508306196092237,35
s4_global_f1_pcd,Sonar,Var A (Thresh=0.0),0.753968253968254,0.7486299648064354,40
s4_global_f1_pcd,Sonar,Var B (Episode=10),0.7619047619047619,0.7572955452805266,40
s4_global_f1_pcd,Sonar,Var C (Episode=15),0.7777777777777777,0.7733967528710958,45
s4_global_f1_pcd,Sonar,Var D (Patience=4),0.7619047619047619,0.7508306196092237,35
s5_perclient_accuracy,Sonar,Baseline,0.7380952380952381,0.7353248862085708,9
s5_perclient_accuracy,Sonar,Var A (Thresh=0.0),0.7777777777777777,0.7765300245130925,42
s5_perclient_accuracy,Sonar,Var B (Episode=10),0.7380952380952381,0.7353248862085708,9
s5_perclient_accuracy,Sonar,Var C (Episode=15),0.7380952380952381,0.7353248862085708,9
s5_perclient_accuracy,Sonar,Var D (Patience=4),0.7380952380952381,0.7353248862085708,9
s6_perclient_f1,Sonar,Baseline,0.7380952380952381,0.7353248862085708,9
s6_perclient_f1,Sonar,Var A (Thresh=0.0),0.7698412698412698,0.7685051846840866,42
s6_perclient_f1,Sonar,Var B (Episode=10),0.7380952380952381,0.7353248862085708,9
s6_perclient_f1,Sonar,Var C (Episode=15),0.7380952380952381,0.7353248862085708,9
s6_perclient_f1,Sonar,Var D (Patience=4),0.7380952380952381,0.7353248862085708,9
s7_perclient_f1_pcd,Sonar,Baseline,0.753968253968254,0.7467647058823529,18
s7_perclient_f1_pcd,Sonar,Var A (Thresh=0.0),0.7698412698412698,0.7648336685101391,42
s7_perclient_f1_pcd,Sonar,Var B (Episode=10),0.753968253968254,0.7467647058823529,18
s7_perclient_f1_pcd,Sonar,Var C (Episode=15),0.753968253968254,0.7467647058823529,18
s7_perclient_f1_pcd,Sonar,Var D (Patience=4),0.753968253968254,0.7467647058823529,18
pw,Sonar,Baseline,0.6904761904761904,0.6888888888888888,9
pw,Sonar,Var A (Thresh=0.0),0.6904761904761904,0.6888888888888888,9
pw,Sonar,Var D (Patience=4),0.6904761904761904,0.6888888888888888,9
s2_global_accuracy,Vowel,Baseline,0.6430976430976431,0.6429778694259926,35
s2_global_accuracy,Vowel,Var A (Thresh=0.0),0.6430976430976431,0.6426357090119229,40
s2_global_accuracy,Vowel,Var B (Episode=10),0.6430976430976431,0.6426357090119229,40
s2_global_accuracy,Vowel,Var C (Episode=15),0.6515151515151515,0.6502650654179803,45
s2_global_accuracy,Vowel,Var D (Patience=4),0.6430976430976431,0.6429778694259926,35
s3_global_f1,Vowel,Baseline,0.6313131313131313,0.6314508692761052,30
s3_global_f1,Vowel,Var A (Thresh=0.0),0.6313131313131313,0.6314508692761052,30
s3_global_f1,Vowel,Var B (Episode=10),0.6481481481481481,0.6485819511732022,40
s3_global_f1,Vowel,Var C (Episode=15),0.6582491582491583,0.6598704446635092,45
s3_global_f1,Vowel,Var D (Patience=4),0.6313131313131313,0.6314508692761052,30
s4_global_f1_pcd,Vowel,Baseline,0.6363636363636364,0.63455812757172,30
s4_global_f1_pcd,Vowel,Var A (Thresh=0.0),0.6481481481481481,0.6485819511732022,40
s4_global_f1_pcd,Vowel,Var B (Episode=10),0.6481481481481481,0.6485819511732022,40
s4_global_f1_pcd,Vowel,Var C (Episode=15),0.6582491582491583,0.6598704446635092,45
s4_global_f1_pcd,Vowel,Var D (Patience=4),0.6363636363636364,0.63455812757172,30
s5_perclient_accuracy,Vowel,Baseline,0.5875420875420875,0.5830002127499813,9
s5_perclient_accuracy,Vowel,Var A (Thresh=0.0),0.6397306397306397,0.6376752410058136,30
s5_perclient_accuracy,Vowel,Var B (Episode=10),0.5875420875420875,0.5830002127499813,9
s5_perclient_accuracy,Vowel,Var C (Episode=15),0.5875420875420875,0.5830002127499813,9
s5_perclient_accuracy,Vowel,Var D (Patience=4),0.5875420875420875,0.5830002127499813,9
s6_perclient_f1,Vowel,Baseline,0.5875420875420875,0.5830002127499813,9
s6_perclient_f1,Vowel,Var A (Thresh=0.0),0.6447811447811448,0.6434922909527553,27
s6_perclient_f1,Vowel,Var B (Episode=10),0.5875420875420875,0.5830002127499813,9
s6_perclient_f1,Vowel,Var C (Episode=15),0.5875420875420875,0.5830002127499813,9
s6_perclient_f1,Vowel,Var D (Patience=4),0.5875420875420875,0.5830002127499813,9
s7_perclient_f1_pcd,Vowel,Baseline,0.664983164983165,0.6652417857096095,42
s7_perclient_f1_pcd,Vowel,Var A (Thresh=0.0),0.664983164983165,0.6652417857096095,42
s7_perclient_f1_pcd,Vowel,Var B (Episode=10),0.664983164983165,0.6652417857096095,42
s7_perclient_f1_pcd,Vowel,Var C (Episode=15),0.664983164983165,0.6652417857096095,42
s7_perclient_f1_pcd,Vowel,Var D (Patience=4),0.664983164983165,0.6652417857096095,42
pw,Vowel,Baseline,0.6212121212121212,0.6177572091248354,9
pw,Vowel,Var A (Thresh=0.0),0.6212121212121212,0.6177572091248354,9
pw,Vowel,Var D (Patience=4),0.6212121212121212,0.6177572091248354,9
s2_global_accuracy,Spambase,Baseline,0.9131378935939196,0.9083713708708031,25
s2_global_accuracy,Spambase,Var A (Thresh=0.0),0.9131378935939196,0.9083713708708031,25
s2_global_accuracy,Spambase,Var B (Episode=10),0.9113282663771263,0.9067766659706048,30
s2_global_accuracy,Spambase,Var C (Episode=15),0.924719507781397,0.9207672475802663,45
s2_global_accuracy,Spambase,Var D (Patience=4),0.9131378935939196,0.9083713708708031,25
s3_global_f1,Spambase,Baseline,0.9040897575099529,0.8987630615235581,30
s3_global_f1,Spambase,Var A (Thresh=0.0),0.9040897575099529,0.8987630615235581,30
s3_global_f1,Spambase,Var B (Episode=10),0.9040897575099529,0.8987630615235581,30
s3_global_f1,Spambase,Var C (Episode=15),0.9196525515743756,0.9154650550353151,45
s3_global_f1,Spambase,Var D (Patience=4),0.9040897575099529,0.8987630615235581,30
s4_global_f1_pcd,Spambase,Baseline,0.9156713716974303,0.911142044182777,40
s4_global_f1_pcd,Spambase,Var A (Thresh=0.0),0.9156713716974303,0.911142044182777,40
s4_global_f1_pcd,Spambase,Var B (Episode=10),0.9040897575099529,0.8987630615235581,30
s4_global_f1_pcd,Spambase,Var C (Episode=15),0.9211002533478103,0.9169299936203986,45
s4_global_f1_pcd,Spambase,Var D (Patience=4),0.9156713716974303,0.911142044182777,40
s5_perclient_accuracy,Spambase,Baseline,0.913861744480637,0.909369513399647,9
s5_perclient_accuracy,Spambase,Var A (Thresh=0.0),0.9250814332247557,0.9208596798576637,42
s5_perclient_accuracy,Spambase,Var B (Episode=10),0.913861744480637,0.909369513399647,9
s5_perclient_accuracy,Spambase,Var C (Episode=15),0.913861744480637,0.909369513399647,9
s5_perclient_accuracy,Spambase,Var D (Patience=4),0.913861744480637,0.909369513399647,9
s6_perclient_f1,Spambase,Baseline,0.913861744480637,0.909369513399647,9
s6_perclient_f1,Spambase,Var A (Thresh=0.0),0.927976836771625,0.9240022399955166,42
s6_perclient_f1,Spambase,Var B (Episode=10),0.913861744480637,0.909369513399647,9
s6_perclient_f1,Spambase,Var C (Episode=15),0.913861744480637,0.909369513399647,9
s6_perclient_f1,Spambase,Var D (Patience=4),0.913861744480637,0.909369513399647,9
s7_perclient_f1_pcd,Spambase,Baseline,0.9229098805646037,0.918792219478782,27
s7_perclient_f1_pcd,Spambase,Var A (Thresh=0.0),0.9229098805646037,0.9188216993566969,42
s7_perclient_f1_pcd,Spambase,Var B (Episode=10),0.9229098805646037,0.918792219478782,27
s7_perclient_f1_pcd,Spambase,Var C (Episode=15),0.9229098805646037,0.918792219478782,27
s7_perclient_f1_pcd,Spambase,Var D (Patience=4),0.9229098805646037,0.918792219478782,27
pw,Spambase,Baseline,0.9185667752442996,0.9144515299645669,9
pw,Spambase,Var A (Thresh=0.0),0.9185667752442996,0.9144515299645669,9
pw,Spambase,Var D (Patience=4),0.9185667752442996,0.9144515299645669,9
s2_global_accuracy,Letter,Baseline,0.6913333333333332,0.6919314009407409,40
s2_global_accuracy,Letter,Var A (Thresh=0.0),0.6913333333333332,0.6919314009407409,40
s2_global_accuracy,Letter,Var B (Episode=10),0.6913333333333332,0.6919314009407409,40
s2_global_accuracy,Letter,Var C (Episode=15),0.6918333333333333,0.6924716924498772,45
s2_global_accuracy,Letter,Var D (Patience=4),0.6913333333333332,0.6919314009407409,40
s3_global_f1,Letter,Baseline,0.6894166666666667,0.6900454444773194,40
s3_global_f1,Letter,Var A (Thresh=0.0),0.6894166666666667,0.6900454444773194,40
s3_global_f1,Letter,Var B (Episode=10),0.6894166666666667,0.6900454444773194,40
s3_global_f1,Letter,Var C (Episode=15),0.6959166666666666,0.6964712494677702,45
s3_global_f1,Letter,Var D (Patience=4),0.6894166666666667,0.6900454444773194,40
s4_global_f1_pcd,Letter,Baseline,0.6790833333333334,0.6806206551488878,30
s4_global_f1_pcd,Letter,Var A (Thresh=0.0),0.6871666666666667,0.6878999474670687,40
s4_global_f1_pcd,Letter,Var B (Episode=10),0.6856666666666666,0.6863407414807755,40
s4_global_f1_pcd,Letter,Var C (Episode=15),0.6893333333333334,0.6897897936142253,45
s4_global_f1_pcd,Letter,Var D (Patience=4),0.6790833333333334,0.6806206551488878,30
s5_perclient_accuracy,Letter,Baseline,0.6948333333333334,0.6955113002791657,30
s5_perclient_accuracy,Letter,Var A (Thresh=0.0),0.6948333333333334,0.6955113002791657,30
s5_perclient_accuracy,Letter,Var B (Episode=10),0.6948333333333334,0.6955113002791657,30
s5_perclient_accuracy,Letter,Var C (Episode=15),0.6948333333333334,0.6955113002791657,30
s5_perclient_accuracy,Letter,Var D (Patience=4),0.6948333333333334,0.6955113002791657,30
s6_perclient_f1,Letter,Baseline,0.6839166666666667,0.6845226150366456,21
s6_perclient_f1,Letter,Var A (Thresh=0.0),0.6970833333333334,0.6976721948671886,39
s6_perclient_f1,Letter,Var B (Episode=10),0.6839166666666667,0.6845226150366456,21
s6_perclient_f1,Letter,Var C (Episode=15),0.6839166666666667,0.6845226150366456,21
s6_perclient_f1,Letter,Var D (Patience=4),0.6839166666666667,0.6845226150366456,21
s7_perclient_f1_pcd,Letter,Baseline,0.6883333333333334,0.6894201605780507,27
s7_perclient_f1_pcd,Letter,Var A (Thresh=0.0),0.6883333333333334,0.6894201605780507,27
s7_perclient_f1_pcd,Letter,Var B (Episode=10),0.6883333333333334,0.6894201605780507,27
s7_perclient_f1_pcd,Letter,Var C (Episode=15),0.6883333333333334,0.6894201605780507,27
s7_perclient_f1_pcd,Letter,Var D (Patience=4),0.6883333333333334,0.6894201605780507,27
pw,Letter,Baseline,0.67875,0.6803712958797109,9
pw,Letter,Var A (Thresh=0.0),0.67875,0.6803712958797109,9
pw,Letter,Var D (Patience=4),0.67875,0.6803712958797109,9
s2_global_accuracy,Optdigits,Baseline,0.9581850533807829,0.9582998129899578,40
s2_global_accuracy,Optdigits,Var A (Thresh=0.0),0.9581850533807829,0.9582998129899578,40
s2_global_accuracy,Optdigits,Var B (Episode=10),0.9581850533807829,0.9582998129899578,40
s2_global_accuracy,Optdigits,Var C (Episode=15),0.9584816132858838,0.9586058343550059,45
s2_global_accuracy,Optdigits,Var D (Patience=4),0.9581850533807829,0.9582998129899578,40
s3_global_f1,Optdigits,Baseline,0.951067615658363,0.9511394587079067,40
s3_global_f1,Optdigits,Var A (Thresh=0.0),0.951067615658363,0.9511394587079067,40
s3_global_f1,Optdigits,Var B (Episode=10),0.951067615658363,0.9511394587079067,40
s3_global_f1,Optdigits,Var C (Episode=15),0.9572953736654805,0.9574166249645203,45
s3_global_f1,Optdigits,Var D (Patience=4),0.951067615658363,0.9511394587079067,40
s4_global_f1_pcd,Optdigits,Baseline,0.9575919335705813,0.9576496651983558,40
s4_global_f1_pcd,Optdigits,Var A (Thresh=0.0),0.9575919335705813,0.9576496651983558,40
s4_global_f1_pcd,Optdigits,Var B (Episode=10),0.9581850533807829,0.9583054799431497,40
s4_global_f1_pcd,Optdigits,Var C (Episode=15),0.9578884934756822,0.9580113855662336,45
s4_global_f1_pcd,Optdigits,Var D (Patience=4),0.9575919335705813,0.9576496651983558,40
s5_perclient_accuracy,Optdigits,Baseline,0.9386120996441281,0.9389056058618972,18
s5_perclient_accuracy,Optdigits,Var A (Thresh=0.0),0.9575919335705813,0.9576599901848916,42
s5_perclient_accuracy,Optdigits,Var B (Episode=10),0.9386120996441281,0.9389056058618972,18
s5_perclient_accuracy,Optdigits,Var C (Episode=15),0.9386120996441281,0.9389056058618972,18
s5_perclient_accuracy,Optdigits,Var D (Patience=4),0.9386120996441281,0.9389056058618972,18
s6_perclient_f1,Optdigits,Baseline,0.9386120996441281,0.9389056058618972,18
s6_perclient_f1,Optdigits,Var A (Thresh=0.0),0.9575919335705813,0.9576599901848916,42
s6_perclient_f1,Optdigits,Var B (Episode=10),0.9386120996441281,0.9389056058618972,18
s6_perclient_f1,Optdigits,Var C (Episode=15),0.9386120996441281,0.9389056058618972,18
s6_perclient_f1,Optdigits,Var D (Patience=4),0.9386120996441281,0.9389056058618972,18
s7_perclient_f1_pcd,Optdigits,Baseline,0.9590747330960854,0.9591320387292622,42
s7_perclient_f1_pcd,Optdigits,Var A (Thresh=0.0),0.9590747330960854,0.9591320387292622,42
s7_perclient_f1_pcd,Optdigits,Var B (Episode=10),0.9590747330960854,0.9591320387292622,42
s7_perclient_f1_pcd,Optdigits,Var C (Episode=15),0.9590747330960854,0.9591320387292622,42
s7_perclient_f1_pcd,Optdigits,Var D (Patience=4),0.9590747330960854,0.9591320387292622,42
pw,Optdigits,Baseline,0.9412811387900356,0.940857005223506,9
pw,Optdigits,Var A (Thresh=0.0),0.9412811387900356,0.940857005223506,9
pw,Optdigits,Var D (Patience=4),0.9412811387900356,0.940857005223506,9
s2_global_accuracy,Nursery,Baseline,0.9620627572016461,0.9213993009431398,20
s2_global_accuracy,Nursery,Var A (Thresh=0.0),0.9650205761316872,0.9298652090460573,40
s2_global_accuracy,Nursery,Var B (Episode=10),0.9650205761316872,0.9298652090460573,40
s2_global_accuracy,Nursery,Var C (Episode=15),0.9661779835390947,0.9340391731894737,45
s2_global_accuracy,Nursery,Var D (Patience=4),0.9620627572016461,0.9213993009431398,20
s3_global_f1,Nursery,Baseline,0.9663065843621399,0.9373388840976414,35
s3_global_f1,Nursery,Var A (Thresh=0.0),0.9679783950617283,0.9383998715499348,40
s3_global_f1,Nursery,Var B (Episode=10),0.9679783950617283,0.9383998715499348,40
s3_global_f1,Nursery,Var C (Episode=15),0.9664351851851851,0.9364060350141012,45
s3_global_f1,Nursery,Var D (Patience=4),0.9663065843621399,0.9373388840976414,35
s4_global_f1_pcd,Nursery,Baseline,0.9663065843621399,0.9373388840976414,35
s4_global_f1_pcd,Nursery,Var A (Thresh=0.0),0.9679783950617283,0.9383998715499348,40
s4_global_f1_pcd,Nursery,Var B (Episode=10),0.9679783950617283,0.9383998715499348,40
s4_global_f1_pcd,Nursery,Var C (Episode=15),0.9664351851851851,0.9364060350141012,45
s4_global_f1_pcd,Nursery,Var D (Patience=4),0.9663065843621399,0.9373388840976414,35
s5_perclient_accuracy,Nursery,Baseline,0.955761316872428,0.9186345891360986,9
s5_perclient_accuracy,Nursery,Var A (Thresh=0.0),0.9669495884773663,0.936318487838031,42
s5_perclient_accuracy,Nursery,Var B (Episode=10),0.955761316872428,0.9186345891360986,9
s5_perclient_accuracy,Nursery,Var C (Episode=15),0.955761316872428,0.9186345891360986,9
s5_perclient_accuracy,Nursery,Var D (Patience=4),0.955761316872428,0.9186345891360986,9
s6_perclient_f1,Nursery,Baseline,0.9598765432098766,0.9280017741438519,9
s6_perclient_f1,Nursery,Var A (Thresh=0.0),0.967335390946502,0.9362891361960277,42
s6_perclient_f1,Nursery,Var B (Episode=10),0.9598765432098766,0.9280017741438519,9
s6_perclient_f1,Nursery,Var C (Episode=15),0.9598765432098766,0.9280017741438519,9
s6_perclient_f1,Nursery,Var D (Patience=4),0.9598765432098766,0.9280017741438519,9
s7_perclient_f1_pcd,Nursery,Baseline,0.9651491769547325,0.9337033492082277,30
s7_perclient_f1_pcd,Nursery,Var A (Thresh=0.0),0.9673353909465021,0.9379014931072017,42
s7_perclient_f1_pcd,Nursery,Var B (Episode=10),0.9651491769547325,0.9337033492082277,30
s7_perclient_f1_pcd,Nursery,Var C (Episode=15),0.9651491769547325,0.9337033492082277,30
s7_perclient_f1_pcd,Nursery,Var D (Patience=4),0.9651491769547325,0.9337033492082277,30
pw,Nursery,Baseline,0.6547067901234568,0.3837837837837837,9
pw,Nursery,Var A (Thresh=0.0),0.6547067901234568,0.3837837837837837,9
pw,Nursery,Var D (Patience=4),0.6547067901234568,0.3837837837837837,9
