strategy,dataset,patience,size_scale,threshold,accuracy,f1_macro,n_trees
s4_global_f1_pcd,Car,3,5,0.001,0.9277456647398843,0.8381068752613725,40
s4_global_f1_pcd,Car,3,5,0.002,0.9277456647398843,0.8381068752613725,40
s4_global_f1_pcd,Car,3,5,0.005,0.9277456647398843,0.8381068752613725,40
s4_global_f1_pcd,Car,3,10,0.001,0.9277456647398843,0.8381068752613725,40
s4_global_f1_pcd,Car,3,10,0.002,0.9277456647398843,0.8381068752613725,40
s4_global_f1_pcd,Car,3,10,0.005,0.9277456647398843,0.8381068752613725,40
s4_global_f1_pcd,Car,3,15,0.001,0.9238921001926782,0.8254258252887331,45
s4_global_f1_pcd,Car,3,15,0.002,0.9238921001926782,0.8254258252887331,45
s4_global_f1_pcd,Car,3,15,0.005,0.9238921001926782,0.8254258252887331,45
s4_global_f1_pcd,Car,4,5,0.001,0.9277456647398843,0.8381068752613725,40
s4_global_f1_pcd,Car,4,5,0.002,0.9277456647398843,0.8381068752613725,40
s4_global_f1_pcd,Car,4,5,0.005,0.9277456647398843,0.8381068752613725,40
s4_global_f1_pcd,Car,4,10,0.001,0.9277456647398843,0.8381068752613725,40
s4_global_f1_pcd,Car,4,10,0.002,0.9277456647398843,0.8381068752613725,40
s4_global_f1_pcd,Car,4,10,0.005,0.9277456647398843,0.8381068752613725,40
s4_global_f1_pcd,Car,4,15,0.001,0.9238921001926782,0.8254258252887331,45
s4_global_f1_pcd,Car,4,15,0.002,0.9238921001926782,0.8254258252887331,45
s4_global_f1_pcd,Car,4,15,0.005,0.9238921001926782,0.8254258252887331,45
s4_global_f1_pcd,Car,5,5,0.001,0.9277456647398843,0.8381068752613725,40
s4_global_f1_pcd,Car,5,5,0.002,0.9277456647398843,0.8381068752613725,40
s4_global_f1_pcd,Car,5,5,0.005,0.9277456647398843,0.8381068752613725,40
s4_global_f1_pcd,Car,5,10,0.001,0.9277456647398843,0.8381068752613725,40
s4_global_f1_pcd,Car,5,10,0.002,0.9277456647398843,0.8381068752613725,40
s4_global_f1_pcd,Car,5,10,0.005,0.9277456647398843,0.8381068752613725,40
s4_global_f1_pcd,Car,5,15,0.001,0.9238921001926782,0.8254258252887331,45
s4_global_f1_pcd,Car,5,15,0.002,0.9238921001926782,0.8254258252887331,45
s4_global_f1_pcd,Car,5,15,0.005,0.9238921001926782,0.8254258252887331,45
s7_perclient_f1_pcd,Car,3,5,0.001,0.926782273603083,0.8294090869377602,33
s7_perclient_f1_pcd,Car,3,5,0.002,0.926782273603083,0.8294090869377602,33
s7_perclient_f1_pcd,Car,3,5,0.005,0.9258188824662813,0.8546708691578976,21
s7_perclient_f1_pcd,Car,3,10,0.001,0.926782273603083,0.8294090869377602,33
s7_perclient_f1_pcd,Car,3,10,0.002,0.926782273603083,0.8294090869377602,33
s7_perclient_f1_pcd,Car,3,10,0.005,0.9258188824662813,0.8546708691578976,21
s7_perclient_f1_pcd,Car,3,15,0.001,0.926782273603083,0.8294090869377602,33
s7_perclient_f1_pcd,Car,3,15,0.002,0.926782273603083,0.8294090869377602,33
s7_perclient_f1_pcd,Car,3,15,0.005,0.9258188824662813,0.8546708691578976,21
s7_perclient_f1_pcd,Car,4,5,0.001,0.926782273603083,0.8294090869377602,33
s7_perclient_f1_pcd,Car,4,5,0.002,0.926782273603083,0.8294090869377602,33
s7_perclient_f1_pcd,Car,4,5,0.005,0.9258188824662813,0.8546708691578976,21
s7_perclient_f1_pcd,Car,4,10,0.001,0.926782273603083,0.8294090869377602,33
s7_perclient_f1_pcd,Car,4,10,0.002,0.926782273603083,0.8294090869377602,33
s7_perclient_f1_pcd,Car,4,10,0.005,0.9258188824662813,0.8546708691578976,21
s7_perclient_f1_pcd,Car,4,15,0.001,0.926782273603083,0.8294090869377602,33
s7_perclient_f1_pcd,Car,4,15,0.002,0.926782273603083,0.8294090869377602,33
s7_perclient_f1_pcd,Car,4,15,0.005,0.9258188824662813,0.8546708691578976,21
s7_perclient_f1_pcd,Car,5,5,0.001,0.926782273603083,0.8294090869377602,33
s7_perclient_f1_pcd,Car,5,5,0.002,0.926782273603083,0.8294090869377602,33
s7_perclient_f1_pcd,Car,5,5,0.005,0.9258188824662813,0.8546708691578976,21
s7_perclient_f1_pcd,Car,5,10,0.001,0.926782273603083,0.8294090869377602,33
s7_perclient_f1_pcd,Car,5,10,0.002,0.926782273603083,0.8294090869377602,33
s7_perclient_f1_pcd,Car,5,10,0.005,0.9258188824662813,0.8546708691578976,21
s7_perclient_f1_pcd,Car,5,15,0.001,0.926782273603083,0.8294090869377602,33
s7_perclient_f1_pcd,Car,5,15,0.002,0.926782273603083,0.8294090869377602,33
s7_perclient_f1_pcd,Car,5,15,0.005,0.9258188824662813,0.8546708691578976,21
pw,Car,3,5,0.001,0.8670520231213873,0.7379565544122507,9
pw,Car,3,5,0.002,0.8670520231213873,0.7379565544122507,9
pw,Car,3,5,0.005,0.8670520231213873,0.7379565544122507,9
pw,Car,3,10,0.001,0.0,0.0,0
pw,Car,3,10,0.002,0.0,0.0,0
pw,Car,3,10,0.005,0.0,0.0,0
pw,Car,3,15,0.001,0.0,0.0,0
pw,Car,3,15,0.002,0.0,0.0,0
pw,Car,3,15,0.005,0.0,0.0,0
pw,Car,4,5,0.001,0.8670520231213873,0.7379565544122507,9
pw,Car,4,5,0.002,0.8670520231213873,0.7379565544122507,9
pw,Car,4,5,0.005,0.8670520231213873,0.7379565544122507,9
pw,Car,4,10,0.001,0.0,0.0,0
pw,Car,4,10,0.002,0.0,0.0,0
pw,Car,4,10,0.005,0.0,0.0,0
pw,Car,4,15,0.001,0.0,0.0,0
pw,Car,4,15,0.002,0.0,0.0,0
pw,Car,4,15,0.005,0.0,0.0,0
pw,Car,5,5,0.001,0.8670520231213873,0.7379565544122507,9
pw,Car,5,5,0.002,0.8670520231213873,0.7379565544122507,9
pw,Car,5,5,0.005,0.8670520231213873,0.7379565544122507,9
pw,Car,5,10,0.001,0.0,0.0,0
pw,Car,5,10,0.002,0.0,0.0,0
pw,Car,5,10,0.005,0.0,0.0,0
pw,Car,5,15,0.001,0.0,0.0,0
pw,Car,5,15,0.002,0.0,0.0,0
pw,Car,5,15,0.005,0.0,0.0,0
s4_global_f1_pcd,Sonar,3,5,0.001,0.7619047619047619,0.7508306196092237,35
s4_global_f1_pcd,Sonar,3,5,0.002,0.7619047619047619,0.7508306196092237,35
s4_global_f1_pcd,Sonar,3,5,0.005,0.7619047619047619,0.7508306196092237,35
s4_global_f1_pcd,Sonar,3,10,0.001,0.7619047619047619,0.7572955452805266,40
s4_global_f1_pcd,Sonar,3,10,0.002,0.7619047619047619,0.7572955452805266,40
s4_global_f1_pcd,Sonar,3,10,0.005,0.7619047619047619,0.7572955452805266,40
s4_global_f1_pcd,Sonar,3,15,0.001,0.7777777777777777,0.7733967528710958,45
s4_global_f1_pcd,Sonar,3,15,0.002,0.7777777777777777,0.7733967528710958,45
s4_global_f1_pcd,Sonar,3,15,0.005,0.7777777777777777,0.7733967528710958,45
s4_global_f1_pcd,Sonar,4,5,0.001,0.7619047619047619,0.7508306196092237,35
s4_global_f1_pcd,Sonar,4,5,0.002,0.7619047619047619,0.7508306196092237,35
s4_global_f1_pcd,Sonar,4,5,0.005,0.7619047619047619,0.7508306196092237,35
s4_global_f1_pcd,Sonar,4,10,0.001,0.7619047619047619,0.7572955452805266,40
s4_global_f1_pcd,Sonar,4,10,0.002,0.7619047619047619,0.7572955452805266,40
s4_global_f1_pcd,Sonar,4,10,0.005,0.7619047619047619,0.7572955452805266,40
s4_global_f1_pcd,Sonar,4,15,0.001,0.7777777777777777,0.7733967528710958,45
s4_global_f1_pcd,Sonar,4,15,0.002,0.7777777777777777,0.7733967528710958,45
s4_global_f1_pcd,Sonar,4,15,0.005,0.7777777777777777,0.7733967528710958,45
s4_global_f1_pcd,Sonar,5,5,0.001,0.7619047619047619,0.7508306196092237,35
s4_global_f1_pcd,Sonar,5,5,0.002,0.7619047619047619,0.7508306196092237,35
s4_global_f1_pcd,Sonar,5,5,0.005,0.7619047619047619,0.7508306196092237,35
s4_global_f1_pcd,Sonar,5,10,0.001,0.7619047619047619,0.7572955452805266,40
s4_global_f1_pcd,Sonar,5,10,0.002,0.7619047619047619,0.7572955452805266,40
s4_global_f1_pcd,Sonar,5,10,0.005,0.7619047619047619,0.7572955452805266,40
s4_global_f1_pcd,Sonar,5,15,0.001,0.7777777777777777,0.7733967528710958,45
s4_global_f1_pcd,Sonar,5,15,0.002,0.7777777777777777,0.7733967528710958,45
s4_global_f1_pcd,Sonar,5,15,0.005,0.7777777777777777,0.7733967528710958,45
s7_perclient_f1_pcd,Sonar,3,5,0.001,0.753968253968254,0.7467647058823529,18
s7_perclient_f1_pcd,Sonar,3,5,0.002,0.753968253968254,0.7467647058823529,18
s7_perclient_f1_pcd,Sonar,3,5,0.005,0.753968253968254,0.7467647058823529,18
s7_perclient_f1_pcd,Sonar,3,10,0.001,0.753968253968254,0.7467647058823529,18
s7_perclient_f1_pcd,Sonar,3,10,0.002,0.753968253968254,0.7467647058823529,18
s7_perclient_f1_pcd,Sonar,3,10,0.005,0.753968253968254,0.7467647058823529,18
s7_perclient_f1_pcd,Sonar,3,15,0.001,0.753968253968254,0.7467647058823529,18
s7_perclient_f1_pcd,Sonar,3,15,0.002,0.753968253968254,0.7467647058823529,18
s7_perclient_f1_pcd,Sonar,3,15,0.005,0.753968253968254,0.7467647058823529,18
s7_perclient_f1_pcd,Sonar,4,5,0.001,0.753968253968254,0.7467647058823529,18
s7_perclient_f1_pcd,Sonar,4,5,0.002,0.753968253968254,0.7467647058823529,18
s7_perclient_f1_pcd,Sonar,4,5,0.005,0.753968253968254,0.7467647058823529,18
s7_perclient_f1_pcd,Sonar,4,10,0.001,0.753968253968254,0.7467647058823529,18
s7_perclient_f1_pcd,Sonar,4,10,0.002,0.753968253968254,0.7467647058823529,18
s7_perclient_f1_pcd,Sonar,4,10,0.005,0.753968253968254,0.7467647058823529,18
s7_perclient_f1_pcd,Sonar,4,15,0.001,0.753968253968254,0.7467647058823529,18
s7_perclient_f1_pcd,Sonar,4,15,0.002,0.753968253968254,0.7467647058823529,18
s7_perclient_f1_pcd,Sonar,4,15,0.005,0.753968253968254,0.7467647058823529,18
s7_perclient_f1_pcd,Sonar,5,5,0.001,0.753968253968254,0.7467647058823529,18
s7_perclient_f1_pcd,Sonar,5,5,0.002,0.753968253968254,0.7467647058823529,18
s7_perclient_f1_pcd,Sonar,5,5,0.005,0.753968253968254,0.7467647058823529,18
s7_perclient_f1_pcd,Sonar,5,10,0.001,0.753968253968254,0.7467647058823529,18
s7_perclient_f1_pcd,Sonar,5,10,0.002,0.753968253968254,0.7467647058823529,18
s7_perclient_f1_pcd,Sonar,5,10,0.005,0.753968253968254,0.7467647058823529,18
s7_perclient_f1_pcd,Sonar,5,15,0.001,0.753968253968254,0.7467647058823529,18
s7_perclient_f1_pcd,Sonar,5,15,0.002,0.753968253968254,0.7467647058823529,18
s7_perclient_f1_pcd,Sonar,5,15,0.005,0.753968253968254,0.7467647058823529,18
pw,Sonar,3,5,0.001,0.0,0.0,0
pw,Sonar,3,5,0.002,0.0,0.0,0
pw,Sonar,3,5,0.005,0.0,0.0,0
pw,Sonar,3,10,0.001,0.0,0.0,0
pw,Sonar,3,10,0.002,0.0,0.0,0
pw,Sonar,3,10,0.005,0.0,0.0,0
pw,Sonar,3,15,0.001,0.0,0.0,0
pw,Sonar,3,15,0.002,0.0,0.0,0
pw,Sonar,3,15,0.005,0.0,0.0,0
pw,Sonar,4,5,0.001,0.0,0.0,0
pw,Sonar,4,5,0.002,0.0,0.0,0
pw,Sonar,4,5,0.005,0.0,0.0,0
pw,Sonar,4,10,0.001,0.0,0.0,0
pw,Sonar,4,10,0.002,0.0,0.0,0
pw,Sonar,4,10,0.005,0.0,0.0,0
pw,Sonar,4,15,0.001,0.0,0.0,0
pw,Sonar,4,15,0.002,0.0,0.0,0
pw,Sonar,4,15,0.005,0.0,0.0,0
pw,Sonar,5,5,0.001,0.0,0.0,0
pw,Sonar,5,5,0.002,0.0,0.0,0
pw,Sonar,5,5,0.005,0.0,0.0,0
pw,Sonar,5,10,0.001,0.0,0.0,0
pw,Sonar,5,10,0.002,0.0,0.0,0
pw,Sonar,5,10,0.005,0.0,0.0,0
pw,Sonar,5,15,0.001,0.0,0.0,0
pw,Sonar,5,15,0.002,0.0,0.0,0
pw,Sonar,5,15,0.005,0.0,0.0,0
s4_global_f1_pcd,Vowel,3,5,0.001,0.6363636363636364,0.63455812757172,30
s4_global_f1_pcd,Vowel,3,5,0.002,0.6363636363636364,0.63455812757172,30
s4_global_f1_pcd,Vowel,3,5,0.005,0.6363636363636364,0.63455812757172,30
s4_global_f1_pcd,Vowel,3,10,0.001,0.6481481481481481,0.6485819511732022,40
s4_global_f1_pcd,Vowel,3,10,0.002,0.6481481481481481,0.6485819511732022,40
s4_global_f1_pcd,Vowel,3,10,0.005,0.6481481481481481,0.6485819511732022,40
s4_global_f1_pcd,Vowel,3,15,0.001,0.6582491582491583,0.6598704446635092,45
s4_global_f1_pcd,Vowel,3,15,0.002,0.6582491582491583,0.6598704446635092,45
s4_global_f1_pcd,Vowel,3,15,0.005,0.6582491582491583,0.6598704446635092,45
s4_global_f1_pcd,Vowel,4,5,0.001,0.6363636363636364,0.63455812757172,30
s4_global_f1_pcd,Vowel,4,5,0.002,0.6363636363636364,0.63455812757172,30
s4_global_f1_pcd,Vowel,4,5,0.005,0.6363636363636364,0.63455812757172,30
s4_global_f1_pcd,Vowel,4,10,0.001,0.6481481481481481,0.6485819511732022,40
s4_global_f1_pcd,Vowel,4,10,0.002,0.6481481481481481,0.6485819511732022,40
s4_global_f1_pcd,Vowel,4,10,0.005,0.6481481481481481,0.6485819511732022,40
s4_global_f1_pcd,Vowel,4,15,0.001,0.6582491582491583,0.6598704446635092,45
s4_global_f1_pcd,Vowel,4,15,0.002,0.6582491582491583,0.6598704446635092,45
s4_global_f1_pcd,Vowel,4,15,0.005,0.6582491582491583,0.6598704446635092,45
s4_global_f1_pcd,Vowel,5,5,0.001,0.6363636363636364,0.63455812757172,30
s4_global_f1_pcd,Vowel,5,5,0.002,0.6363636363636364,0.63455812757172,30
s4_global_f1_pcd,Vowel,5,5,0.005,0.6363636363636364,0.63455812757172,30
s4_global_f1_pcd,Vowel,5,10,0.001,0.6481481481481481,0.6485819511732022,40
s4_global_f1_pcd,Vowel,5,10,0.002,0.6481481481481481,0.6485819511732022,40
s4_global_f1_pcd,Vowel,5,10,0.005,0.6481481481481481,0.6485819511732022,40
s4_global_f1_pcd,Vowel,5,15,0.001,0.6582491582491583,0.6598704446635092,45
s4_global_f1_pcd,Vowel,5,15,0.002,0.6582491582491583,0.6598704446635092,45
s4_global_f1_pcd,Vowel,5,15,0.005,0.6582491582491583,0.6598704446635092,45
s7_perclient_f1_pcd,Vowel,3,5,0.001,0.664983164983165,0.6652417857096095,42
s7_perclient_f1_pcd,Vowel,3,5,0.002,0.664983164983165,0.6652417857096095,42
s7_perclient_f1_pcd,Vowel,3,5,0.005,0.664983164983165,0.6652417857096095,42
s7_perclient_f1_pcd,Vowel,3,10,0.001,0.664983164983165,0.6652417857096095,42
s7_perclient_f1_pcd,Vowel,3,10,0.002,0.664983164983165,0.6652417857096095,42
s7_perclient_f1_pcd,Vowel,3,10,0.005,0.664983164983165,0.6652417857096095,42
s7_perclient_f1_pcd,Vowel,3,15,0.001,0.664983164983165,0.6652417857096095,42
s7_perclient_f1_pcd,Vowel,3,15,0.002,0.664983164983165,0.6652417857096095,42
s7_perclient_f1_pcd,Vowel,3,15,0.005,0.664983164983165,0.6652417857096095,42
s7_perclient_f1_pcd,Vowel,4,5,0.001,0.664983164983165,0.6652417857096095,42
s7_perclient_f1_pcd,Vowel,4,5,0.002,0.664983164983165,0.6652417857096095,42
s7_perclient_f1_pcd,Vowel,4,5,0.005,0.664983164983165,0.6652417857096095,42
s7_perclient_f1_pcd,Vowel,4,10,0.001,0.664983164983165,0.6652417857096095,42
s7_perclient_f1_pcd,Vowel,4,10,0.002,0.664983164983165,0.6652417857096095,42
s7_perclient_f1_pcd,Vowel,4,10,0.005,0.664983164983165,0.6652417857096095,42
s7_perclient_f1_pcd,Vowel,4,15,0.001,0.664983164983165,0.6652417857096095,42
s7_perclient_f1_pcd,Vowel,4,15,0.002,0.664983164983165,0.6652417857096095,42
s7_perclient_f1_pcd,Vowel,4,15,0.005,0.664983164983165,0.6652417857096095,42
s7_perclient_f1_pcd,Vowel,5,5,0.001,0.664983164983165,0.6652417857096095,42
s7_perclient_f1_pcd,Vowel,5,5,0.002,0.664983164983165,0.6652417857096095,42
s7_perclient_f1_pcd,Vowel,5,5,0.005,0.664983164983165,0.6652417857096095,42
s7_perclient_f1_pcd,Vowel,5,10,0.001,0.664983164983165,0.6652417857096095,42
s7_perclient_f1_pcd,Vowel,5,10,0.002,0.664983164983165,0.6652417857096095,42
s7_perclient_f1_pcd,Vowel,5,10,0.005,0.664983164983165,0.6652417857096095,42
s7_perclient_f1_pcd,Vowel,5,15,0.001,0.664983164983165,0.6652417857096095,42
s7_perclient_f1_pcd,Vowel,5,15,0.002,0.664983164983165,0.6652417857096095,42
s7_perclient_f1_pcd,Vowel,5,15,0.005,0.664983164983165,0.6652417857096095,42
pw,Vowel,3,5,0.001,0.0,0.0,0
pw,Vowel,3,5,0.002,0.0,0.0,0
pw,Vowel,3,5,0.005,0.0,0.0,0
pw,Vowel,3,10,0.001,0.0,0.0,0
pw,Vowel,3,10,0.002,0.0,0.0,0
pw,Vowel,3,10,0.005,0.0,0.0,0
pw,Vowel,3,15,0.001,0.0,0.0,0
pw,Vowel,3,15,0.002,0.0,0.0,0
pw,Vowel,3,15,0.005,0.0,0.0,0
pw,Vowel,4,5,0.001,0.0,0.0,0
pw,Vowel,4,5,0.002,0.0,0.0,0
pw,Vowel,4,5,0.005,0.0,0.0,0
pw,Vowel,4,10,0.001,0.0,0.0,0
pw,Vowel,4,10,0.002,0.0,0.0,0
pw,Vowel,4,10,0.005,0.0,0.0,0
pw,Vowel,4,15,0.001,0.0,0.0,0
pw,Vowel,4,15,0.002,0.0,0.0,0
pw,Vowel,4,15,0.005,0.0,0.0,0
pw,Vowel,5,5,0.001,0.0,0.0,0
pw,Vowel,5,5,0.002,0.0,0.0,0
pw,Vowel,5,5,0.005,0.0,0.0,0
pw,Vowel,5,10,0.001,0.0,0.0,0
pw,Vowel,5,10,0.002,0.0,0.0,0
pw,Vowel,5,10,0.005,0.0,0.0,0
pw,Vowel,5,15,0.001,0.0,0.0,0
pw,Vowel,5,15,0.002,0.0,0.0,0
pw,Vowel,5,15,0.005,0.0,0.0,0
s4_global_f1_pcd,Spambase,3,5,0.001,0.9156713716974303,0.911142044182777,40
s4_global_f1_pcd,Spambase,3,5,0.002,0.9156713716974303,0.911142044182777,40
s4_global_f1_pcd,Spambase,3,5,0.005,0.9145855953673543,0.9101594967131582,30
s4_global_f1_pcd,Spambase,3,10,0.001,0.9185667752442996,0.914335706131201,40
s4_global_f1_pcd,Spambase,3,10,0.002,0.9185667752442996,0.914335706131201,40
s4_global_f1_pcd,Spambase,3,10,0.005,0.9185667752442996,0.914335706131201,40
s4_global_f1_pcd,Spambase,3,15,0.001,0.9211002533478103,0.9169299936203986,45
s4_global_f1_pcd,Spambase,3,15,0.002,0.9211002533478103,0.9169299936203986,45
s4_global_f1_pcd,Spambase,3,15,0.005,0.9211002533478103,0.9169299936203986,45
s4_global_f1_pcd,Spambase,4,5,0.001,0.9156713716974303,0.911142044182777,40
s4_global_f1_pcd,Spambase,4,5,0.002,0.9156713716974303,0.911142044182777,40
s4_global_f1_pcd,Spambase,4,5,0.005,0.9145855953673543,0.9101594967131582,30
s4_global_f1_pcd,Spambase,4,10,0.001,0.9185667752442996,0.914335706131201,40
s4_global_f1_pcd,Spambase,4,10,0.002,0.9185667752442996,0.914335706131201,40
s4_global_f1_pcd,Spambase,4,10,0.005,0.9185667752442996,0.914335706131201,40
s4_global_f1_pcd,Spambase,4,15,0.001,0.9211002533478103,0.9169299936203986,45
s4_global_f1_pcd,Spambase,4,15,0.002,0.9211002533478103,0.9169299936203986,45
s4_global_f1_pcd,Spambase,4,15,0.005,0.9211002533478103,0.9169299936203986,45
s4_global_f1_pcd,Spambase,5,5,0.001,0.9156713716974303,0.911142044182777,40
s4_global_f1_pcd,Spambase,5,5,0.002,0.9156713716974303,0.911142044182777,40
s4_global_f1_pcd,Spambase,5,5,0.005,0.9145855953673543,0.9101594967131582,30
s4_global_f1_pcd,Spambase,5,10,0.001,0.9185667752442996,0.914335706131201,40
s4_global_f1_pcd,Spambase,5,10,0.002,0.9185667752442996,0.914335706131201,40
s4_global_f1_pcd,Spambase,5,10,0.005,0.9185667752442996,0.914335706131201,40
s4_global_f1_pcd,Spambase,5,15,0.001,0.9211002533478103,0.9169299936203986,45
s4_global_f1_pcd,Spambase,5,15,0.002,0.9211002533478103,0.9169299936203986,45
s4_global_f1_pcd,Spambase,5,15,0.005,0.9211002533478103,0.9169299936203986,45
s7_perclient_f1_pcd,Spambase,3,5,0.001,0.9229098805646037,0.9188216993566969,42
s7_perclient_f1_pcd,Spambase,3,5,0.002,0.9229098805646037,0.918792219478782,27
s7_perclient_f1_pcd,Spambase,3,5,0.005,0.9189287006876583,0.9143205498312007,18
s7_perclient_f1_pcd,Spambase,3,10,0.001,0.9229098805646037,0.9188216993566969,42
s7_perclient_f1_pcd,Spambase,3,10,0.002,0.9229098805646037,0.918792219478782,27
s7_perclient_f1_pcd,Spambase,3,10,0.005,0.9189287006876583,0.9143205498312007,18
s7_perclient_f1_pcd,Spambase,3,15,0.001,0.9229098805646037,0.9188216993566969,42
s7_perclient_f1_pcd,Spambase,3,15,0.002,0.9229098805646037,0.918792219478782,27
s7_perclient_f1_pcd,Spambase,3,15,0.005,0.9189287006876583,0.9143205498312007,18
s7_perclient_f1_pcd,Spambase,4,5,0.001,0.9229098805646037,0.9188216993566969,42
s7_perclient_f1_pcd,Spambase,4,5,0.002,0.9229098805646037,0.918792219478782,27
s7_perclient_f1_pcd,Spambase,4,5,0.005,0.9189287006876583,0.9143205498312007,18
s7_perclient_f1_pcd,Spambase,4,10,0.001,0.9229098805646037,0.9188216993566969,42
s7_perclient_f1_pcd,Spambase,4,10,0.002,0.9229098805646037,0.918792219478782,27
s7_perclient_f1_pcd,Spambase,4,10,0.005,0.9189287006876583,0.9143205498312007,18
s7_perclient_f1_pcd,Spambase,4,15,0.001,0.9229098805646037,0.9188216993566969,42
s7_perclient_f1_pcd,Spambase,4,15,0.002,0.9229098805646037,0.918792219478782,27
s7_perclient_f1_pcd,Spambase,4,15,0.005,0.9189287006876583,0.9143205498312007,18
s7_perclient_f1_pcd,Spambase,5,5,0.001,0.9229098805646037,0.9188216993566969,42
s7_perclient_f1_pcd,Spambase,5,5,0.002,0.9229098805646037,0.918792219478782,27
s7_perclient_f1_pcd,Spambase,5,5,0.005,0.9189287006876583,0.9143205498312007,18
s7_perclient_f1_pcd,Spambase,5,10,0.001,0.9229098805646037,0.9188216993566969,42
s7_perclient_f1_pcd,Spambase,5,10,0.002,0.9229098805646037,0.918792219478782,27
s7_perclient_f1_pcd,Spambase,5,10,0.005,0.9189287006876583,0.9143205498312007,18
s7_perclient_f1_pcd,Spambase,5,15,0.001,0.9229098805646037,0.9188216993566969,42
s7_perclient_f1_pcd,Spambase,5,15,0.002,0.9229098805646037,0.918792219478782,27
s7_perclient_f1_pcd,Spambase,5,15,0.005,0.9189287006876583,0.9143205498312007,18
pw,Spambase,3,5,0.001,0.9185667752442996,0.9144515299645669,9
pw,Spambase,3,5,0.002,0.9185667752442996,0.9144515299645669,9
pw,Spambase,3,5,0.005,0.9185667752442996,0.9144515299645669,9
pw,Spambase,3,10,0.001,0.9066232356134636,0.9018551928548062,27
pw,Spambase,3,10,0.002,0.0,0.0,0
pw,Spambase,3,10,0.005,0.0,0.0,0
pw,Spambase,3,15,0.001,0.0,0.0,0
pw,Spambase,3,15,0.002,0.0,0.0,0
pw,Spambase,3,15,0.005,0.0,0.0,0
pw,Spambase,4,5,0.001,0.9185667752442996,0.9144515299645669,9
pw,Spambase,4,5,0.002,0.9185667752442996,0.9144515299645669,9
pw,Spambase,4,5,0.005,0.9185667752442996,0.9144515299645669,9
pw,Spambase,4,10,0.001,0.9066232356134636,0.9018551928548062,27
pw,Spambase,4,10,0.002,0.0,0.0,0
pw,Spambase,4,10,0.005,0.0,0.0,0
pw,Spambase,4,15,0.001,0.0,0.0,0
pw,Spambase,4,15,0.002,0.0,0.0,0
pw,Spambase,4,15,0.005,0.0,0.0,0
pw,Spambase,5,5,0.001,0.9185667752442996,0.9144515299645669,9
pw,Spambase,5,5,0.002,0.9185667752442996,0.9144515299645669,9
pw,Spambase,5,5,0.005,0.9185667752442996,0.9144515299645669,9
pw,Spambase,5,10,0.001,0.9066232356134636,0.9018551928548062,27
pw,Spambase,5,10,0.002,0.0,0.0,0
pw,Spambase,5,10,0.005,0.0,0.0,0
pw,Spambase,5,15,0.001,0.0,0.0,0
pw,Spambase,5,15,0.002,0.0,0.0,0
pw,Spambase,5,15,0.005,0.0,0.0,0
